INSERT INTO MenuType(type_ID, name) VALUES
('ST','Starters'),
('MA','Main'),
('SI','Sides'),
('DE','Desserts'),
('DR','Drinks');

INSERT INTO Item(item_ID, name, price, calories, type_ID) VALUES
('000001','Nachos con queso',06.00,650,'ST'),
('000010','Nachos vegan',06.00,500,'ST'),
('000011','Grilled Halloumi',06.00,200,'ST'),
('000100','Chipotle Wings',07.00,250,'ST'),
('000101','Chicken Soup',07.50,330,'ST'),
('000110','Black beans Soup',06.50,300,'ST'),
('000111','Tuna Tostada',05.00,300,'ST'),
('001000','Cod Fillets',06.50,1030,'ST'),
('001001','Chicken Enchilada',14.90,400,'MA'),
('001010','Beef Enchilada',14.90,400,'MA'),
('001011','Mixed Vegetables Enchilada',14.90,500,'MA'),
('001100','Chicken Burrito',09.00,600,'MA'),
('001101','Beef Burrito',09.00,800,'MA'),
('001110','Mixed Vegetables Burrito',09.00,500,'MA'),
('001111','Chicken Quesadilla',07.95,600,'MA'),
('010000','Beef Quesadilla',07.95,700,'MA'),
('010001','Mixed Vegetables Quesadilla',07.95,500,'MA'),
('010010','Chicken Fajita',07.50,500,'MA'),
('010011','Steak Fajita',08.00,560,'MA'),
('010100','Prawn Fajita',08.00,400,'MA'),
('010101','Chicken Burger',06.90,700,'MA'),
('010110','Beef Burger',06.00,800,'MA'),
('010111','Vegan Burger',06.00,700,'MA'),
('011000','Margherita Pizza',11.00,940,'MA'),
('011001','Pepperoni Pizza',11.00,1190,'MA'),
('011010','Vegan Pizza',11.00,710,'MA'),
('011011','Cheese Cake',04.95,800,'DE'),
('011100','Vanilla Icecream',03.00,300,'DE'),
('011101','Churros',04.00,800,'DE'),
('011110','Chicken Salad',05.00,400,'SI'),
('011111','Vegan Salad',03.00,300,'SI'),
('100000','Coleslaw',01.50,80,'SI'),
('100001','Mexican Rice',03.00,160,'SI'),
('100010','Fries',03.00,900,'SI'),
('100011','Corn',03.00,90,'SI'),
('100100','Onion Rings',01.50,200,'SI'),
('100101','Coke',01.50,140,'DR'),
('100110','Diet Coke',01.50,0,'DR'),
('100111','Sprite',01.50,140,'DR'),
('101000','Fanta Orange',01.50,150,'DR'),
('101001','Still Water',01.00,0,'DR'),
('101010','Sparkling water',01.00,0,'DR');

INSERT INTO Allergen(allergen_ID, name) VALUES
('GL','Gluten'),
('CR','Crustaceans'),
('EG','Eggs'),
('FI','Fish'),
('PE','Peanuts'),
('SO','Soya'),
('MI','Milk'),
('TR','Tree Nuts'),
('CE','Celery'),
('MU','Mustard'),
('SE','Sesame'),
('LU','Lupin'),
('MO','Molluscs'),
('SH','Shellfish');

INSERT INTO Diet(diet_ID, name) VALUES
('VGN','Vegan'),
('VEG','Vegetarian'),
('GLT','Gluten-Free'),
('LAC','Lactose-Free');

INSERT INTO Item_Allergen(item_ID,allergen_ID) VALUES
('000001','GL'),
('000001','EG'),
('000001','MI'),
('000011','MI'),
('000111','EG'),
('000111','FI'),
('000111','GL'),
('000111','MI'),
('000111','SO'),
('001000','FI'),
('001001','GL'),
('001001','MI'),
('001010','GL'),
('001010','MI'),
('001011','GL'),
('001011','MI'),
('001100','GL'),
('001100','SO'),
('001100','SE'),
('001100','TR'),
('001100','PE'),
('001101','GL'),
('001101','SO'),
('001101','SE'),
('001101','TR'),
('001101','PE'),
('001101','MU'),
('001110','GL'),
('001110','SO'),
('001110','SE'),
('001110','TR'),
('001110','PE'),
('001111','GL'),
('001111','SO'),
('001111','MI'),
('001111','EG'),
('010000','GL'),
('010000','SO'),
('010000','MI'),
('010000','EG'),
('010001','GL'),
('010001','SO'),
('010001','MI'),
('010001','EG'),
('010010','GL'),
('010011','GL'),
('010100','CR'),
('010100','SH'),
('010100','GL'),
('010101','GL'),
('010101','SE'),
('010110','GL'),
('010110','SE'),
('010111','GL'),
('010111','SE'),
('011000','GL'),
('011000','MI'),
('011000','SO'),
('011001','GL'),
('011001','MI'),
('011001','SO'),
('011010','GL'),
('011010','SO'),
('011011','GL'),
('011011','MI'),
('011011','EG'),
('011100','MI'),
('011101','MI'),
('011101','EG'),
('011101','PE'),
('011101','TR'),
('011110','MI'),
('011110','EG'),
('100000','MI');

INSERT INTO Item_Diet(item_ID,diet_ID) VALUES
('000010','VGN'),
('000010','VEG'),
('000010','LAC'),
('000010','GLT'),
('000011','VEG'),
('000011','GLT'),
('000100','LAC'),
('000100','GLT'),
('000101','LAC'),
('000101','GLT'),
('000110','VEG'),
('000110','VGN'),
('000110','GLT'),
('000110','LAC'),
('001000','GLT'),
('001011','VEG'),
('001110','VEG'),
('010001','VEG'),
('010101','LAC'),
('011000','VEG'),
('011010','VGN'),
('011010','VEG'),
('011010','LAC'),
('011011','VEG'),
('011100','VEG'),
('011100','GLT'),
('011101','VEG'),
('011111','LAC'),
('011111','VEG'),
('011111','VGN'),
('011111','GLT'),
('100000','VEG'),
('100000','GLT'),
('100001','GLT'),
('100001','VEG'),
('100001','LAC'),
('100010','LAC'),
('100010','GLT'),
('100010','VEG'),
('100010','VGN'),
('100011','LAC'),
('100011','VGN'),
('100011','VEG'),
('100011','GLT'),
('100100','VGN'),
('100100','VEG'),
('100100','LAC'),
('100100','GLT'),
('100101','VGN'),
('100101','GLT'),
('100101','LAC'),
('100101','VEG'),
('100110','GLT'),
('100110','VEG'),
('100110','VGN'),
('100110','LAC'),
('100111','GLT'),
('100111','VEG'),
('100111','VGN'),
('100111','LAC'),
('101000','GLT'),
('101000','VEG'),
('101000','VGN'),
('101000','LAC'),
('101001','GLT'),
('101001','VEG'),
('101001','VGN'),
('101001','LAC'),
('101010','GLT'),
('101010','VEG'),
('101010','VGN'),
('101010','LAC');
